[
{
    "model": "auth.user",
    "pk": 3,
    "fields": {
        "password": "pbkdf2_sha256$216000$av9AuLA4rCDN$ZQ2jn2h9fI1WWRDNBoPu9IpzUgkue+xxqqZpkHCgr/g=",
        "last_login": null,
        "is_superuser": false,
        "username": "dosabel",
        "first_name": "Diogenes",
        "last_name": "Osabel",
        "email": "dosabel@email.com",
        "is_staff": false,
        "is_active": true,
        "date_joined": "2021-03-04T10:32:15Z",
        "groups": [],
        "user_permissions": []
    }
},
{
    "model": "auth.user",
    "pk": 4,
    "fields": {
        "password": "pbkdf2_sha256$216000$XTp5fcxLFw0p$VGYh0G3xx3RJz0iJABEWhhquBFW1AWA0CgVAviKTCQk=",
        "last_login": null,
        "is_superuser": false,
        "username": "asiancollege",
        "first_name": "Asian College",
        "last_name": "",
        "email": "asiancollege@email.com",
        "is_staff": false,
        "is_active": true,
        "date_joined": "2021-03-04T10:32:53Z",
        "groups": [],
        "user_permissions": []
    }
},
{
    "model": "auth.user",
    "pk": 2,
    "fields": {
        "password": "pbkdf2_sha256$216000$NoUbxEUnnNCR$qDuAkljKKPwApIwiXzxkY09ojolUGXaHKq97J7D/1+I=",
        "last_login": null,
        "is_superuser": false,
        "username": "clayusa",
        "first_name": "Cynthia",
        "last_name": "Layusa",
        "email": "clayusatest@email.com",
        "is_staff": false,
        "is_active": true,
        "date_joined": "2021-03-04T10:19:29Z",
        "groups": [],
        "user_permissions": []
    }
},
{
    "model": "api.account",
    "pk": 3,
    "fields": {
        "user": 3,
        "middle_name": "M",
        "mobile_number": "09120000000",
        "shipping_address": "123 Data St., Computer City",
        "organization_name": "",
        "job_position": null,
        "plate_number": null,
        "license_number": null,
        "owner_key": null,
        "account_manager_key": null,
        "production_staff_position": null
    }
},
{
    "model": "api.account",
    "pk": 4,
    "fields": {
        "user": 4,
        "middle_name": null,
        "mobile_number": "09130000000",
        "shipping_address": "2345 Moon St., Star City",
        "organization_name": "",
        "job_position": null,
        "plate_number": null,
        "license_number": null,
        "owner_key": null,
        "account_manager_key": null,
        "production_staff_position": null
    }
},
{
    "model": "api.product",
    "pk": 1,
    "fields": {
        "product_name": "Book",
        "product_price": 4000.0,
        "product_description": "This test product is a book"
    }
},
{
    "model": "api.account",
    "pk": 2,
    "fields": {
        "user": 2,
        "middle_name": null,
        "mobile_number": "09000000000",
        "shipping_address": "00, Asdf St., Alphabet City",
        "organization_name": "",
        "job_position": null,
        "plate_number": null,
        "license_number": null,
        "owner_key": null,
        "account_manager_key": null,
        "production_staff_position": null
    }
},
{
    "model": "api.paper",
    "pk": 19,
    "fields": {
        "paper_type": "C2S 80",
        "paper_category": "Coated & Matte Paper",
        "paper_height": 11.0,
        "paper_width": 8.5,
        "ream_cost": 2400.0,
        "leaf_cost": 5.3,
        "is_colored": "n",
        "is_sticker": "n"
    }
},
{
    "model": "api.binding",
    "pk": 2,
    "fields": {
        "binding_type": "Perfect Binding",
        "binding_base_price": 0.00625
    }
},
{
    "model": "api.paper",
    "pk": 8,
    "fields": {
        "paper_type": "Book 60",
        "paper_category": "Book Paper",
        "paper_height": 22.0,
        "paper_width": 34.0,
        "ream_cost": 1680.0,
        "leaf_cost": 4.7,
        "is_colored": "n",
        "is_sticker": "n"
    }
},
{
    "model": "api.quotation",
    "pk": 3,
    "fields": {
        "client": 3,
        "project_name": "A Continuing Pastoral Accompaniment of the BECs in the Philippines: A 50 Year Journey",
        "approval_status": "approved",
        "approval_date": "2021-04-28T11:11:08Z",
        "printing_process": "digital",
        "product_type": 1,
        "quantity": 6000,
        "total_pages": 500,
        "created_date": "2021-04-23T09:44:35Z",
        "project_file_path": "",
        "project_dimensions_length": 6.0,
        "project_dimensions_width": 9.0,
        "margin_of_error": 0.1,
        "markup_percentage": 0.45,
        "pages_can_fit": 24,
        "total_binding_costs": 100.0,
        "total_folds": 10,
        "cutting_costs": 50.0,
        "packaging_costs": 50.0,
        "transport_costs": 50.0
    }
},
{
    "model": "api.binding",
    "pk": 1,
    "fields": {
        "binding_type": "Hardbound",
        "binding_base_price": 0.00625
    }
},
{
    "model": "api.paper",
    "pk": 22,
    "fields": {
        "paper_type": "C2S 100",
        "paper_category": "Coated & Matte Paper",
        "paper_height": 25.0,
        "paper_width": 38.0,
        "ream_cost": 2400.0,
        "leaf_cost": 6.6,
        "is_colored": "n",
        "is_sticker": "n"
    }
},
{
    "model": "api.quotation",
    "pk": 2,
    "fields": {
        "client": 4,
        "project_name": "Yearbook",
        "approval_status": "approved",
        "approval_date": "2021-03-23T04:00:00Z",
        "printing_process": "offset",
        "product_type": 1,
        "quantity": 400,
        "total_pages": 200,
        "created_date": "2021-03-13T09:44:35Z",
        "project_file_path": "",
        "project_dimensions_length": 8.0,
        "project_dimensions_width": 8.0,
        "margin_of_error": 0.1,
        "markup_percentage": 0.45,
        "pages_can_fit": 4,
        "total_binding_costs": 600.0,
        "total_folds": 2,
        "cutting_costs": 700.0,
        "packaging_costs": 500.0,
        "transport_costs": 2000.0
    }
},
{
    "model": "api.lamination",
    "pk": 1,
    "fields": {
        "lamination_type": "Matte",
        "lamination_base_price": 50.0
    }
},
{
    "model": "api.paper",
    "pk": 27,
    "fields": {
        "paper_type": "C2S 220",
        "paper_category": "Coated & Matte Paper",
        "paper_height": 25.0,
        "paper_width": 38.0,
        "ream_cost": 3000.0,
        "leaf_cost": 15.0,
        "is_colored": "n",
        "is_sticker": "n"
    }
},
{
    "model": "api.quotation",
    "pk": 1,
    "fields": {
        "client": 2,
        "project_name": "OISCA Forest Booklet",
        "approval_status": "in_progress",
        "approval_date": null,
        "printing_process": "offset",
        "product_type": 1,
        "quantity": 300,
        "total_pages": 36,
        "created_date": "2021-03-08T09:44:35Z",
        "project_file_path": "",
        "project_dimensions_length": 8.5,
        "project_dimensions_width": 11.0,
        "margin_of_error": 0.1,
        "markup_percentage": 0.15,
        "pages_can_fit": 8,
        "total_binding_costs": 500.0,
        "total_folds": 2,
        "cutting_costs": 90.0,
        "packaging_costs": 90.0,
        "transport_costs": 500.0
    }
},
{
    "model": "api.quotationitem",
    "pk": 6,
    "fields": {
        "quotation": 3,
        "item_type": "cover",
        "no_colors": 4,
        "paper": 27,
        "lamination": 1,
        "binding": 2
    }
},
{
    "model": "api.quotationitem",
    "pk": 5,
    "fields": {
        "quotation": 2,
        "item_type": "inner",
        "no_colors": 4,
        "paper": 22,
        "lamination": null,
        "binding": null
    }
},
{
    "model": "api.quotationitem",
    "pk": 4,
    "fields": {
        "quotation": 1,
        "item_type": "inner",
        "no_colors": 4,
        "paper": 19,
        "lamination": null,
        "binding": null
    }
},
{
    "model": "api.quotationitem",
    "pk": 3,
    "fields": {
        "quotation": 3,
        "item_type": "inner",
        "no_colors": 1,
        "paper": 8,
        "lamination": null,
        "binding": 2
    }
},
{
    "model": "api.quotationitem",
    "pk": 2,
    "fields": {
        "quotation": 2,
        "item_type": "cover",
        "no_colors": 4,
        "paper": 22,
        "lamination": 1,
        "binding": 1
    }
},
{
    "model": "api.quotationitem",
    "pk": 1,
    "fields": {
        "quotation": 1,
        "item_type": "cover",
        "no_colors": 4,
        "paper": 27,
        "lamination": 1,
        "binding": null
    }
},
{
    "model": "api.plate",
    "pk": 32,
    "fields": {
        "quotation_item": 6,
        "no_impressions": 1000
    }
},
{
    "model": "api.plate",
    "pk": 31,
    "fields": {
        "quotation_item": 5,
        "no_impressions": 200
    }
},
{
    "model": "api.plate",
    "pk": 30,
    "fields": {
        "quotation_item": 5,
        "no_impressions": 200
    }
},
{
    "model": "api.plate",
    "pk": 29,
    "fields": {
        "quotation_item": 5,
        "no_impressions": 200
    }
},
{
    "model": "api.plate",
    "pk": 28,
    "fields": {
        "quotation_item": 5,
        "no_impressions": 200
    }
},
{
    "model": "api.plate",
    "pk": 27,
    "fields": {
        "quotation_item": 5,
        "no_impressions": 200
    }
},
{
    "model": "api.plate",
    "pk": 26,
    "fields": {
        "quotation_item": 5,
        "no_impressions": 200
    }
},
{
    "model": "api.plate",
    "pk": 25,
    "fields": {
        "quotation_item": 5,
        "no_impressions": 200
    }
},
{
    "model": "api.plate",
    "pk": 24,
    "fields": {
        "quotation_item": 5,
        "no_impressions": 200
    }
},
{
    "model": "api.plate",
    "pk": 23,
    "fields": {
        "quotation_item": 5,
        "no_impressions": 200
    }
},
{
    "model": "api.plate",
    "pk": 22,
    "fields": {
        "quotation_item": 5,
        "no_impressions": 200
    }
},
{
    "model": "api.plate",
    "pk": 21,
    "fields": {
        "quotation_item": 5,
        "no_impressions": 200
    }
},
{
    "model": "api.plate",
    "pk": 20,
    "fields": {
        "quotation_item": 5,
        "no_impressions": 200
    }
},
{
    "model": "api.plate",
    "pk": 19,
    "fields": {
        "quotation_item": 5,
        "no_impressions": 200
    }
},
{
    "model": "api.plate",
    "pk": 18,
    "fields": {
        "quotation_item": 5,
        "no_impressions": 200
    }
},
{
    "model": "api.plate",
    "pk": 17,
    "fields": {
        "quotation_item": 5,
        "no_impressions": 200
    }
},
{
    "model": "api.plate",
    "pk": 16,
    "fields": {
        "quotation_item": 5,
        "no_impressions": 200
    }
},
{
    "model": "api.plate",
    "pk": 15,
    "fields": {
        "quotation_item": 5,
        "no_impressions": 200
    }
},
{
    "model": "api.plate",
    "pk": 14,
    "fields": {
        "quotation_item": 5,
        "no_impressions": 200
    }
},
{
    "model": "api.plate",
    "pk": 13,
    "fields": {
        "quotation_item": 5,
        "no_impressions": 200
    }
},
{
    "model": "api.plate",
    "pk": 12,
    "fields": {
        "quotation_item": 5,
        "no_impressions": 200
    }
},
{
    "model": "api.plate",
    "pk": 11,
    "fields": {
        "quotation_item": 4,
        "no_impressions": 600
    }
},
{
    "model": "api.plate",
    "pk": 10,
    "fields": {
        "quotation_item": 1,
        "no_impressions": 600
    }
},
{
    "model": "api.plate",
    "pk": 9,
    "fields": {
        "quotation_item": 3,
        "no_impressions": 1000
    }
},
{
    "model": "api.plate",
    "pk": 8,
    "fields": {
        "quotation_item": 3,
        "no_impressions": 1000
    }
},
{
    "model": "api.plate",
    "pk": 7,
    "fields": {
        "quotation_item": 3,
        "no_impressions": 1000
    }
},
{
    "model": "api.plate",
    "pk": 4,
    "fields": {
        "quotation_item": 2,
        "no_impressions": 200
    }
},
{
    "model": "api.plate",
    "pk": 3,
    "fields": {
        "quotation_item": 1,
        "no_impressions": 600
    }
},
{
    "model": "api.plate",
    "pk": 2,
    "fields": {
        "quotation_item": 1,
        "no_impressions": 600
    }
},
{
    "model": "api.plate",
    "pk": 1,
    "fields": {
        "quotation_item": 1,
        "no_impressions": 600
    }
}
]
